"","videoId","textDisplay","textOriginal","authorDisplayName","authorProfileImageUrl","authorChannelUrl","authorChannelId.value","canRate","viewerRating","likeCount","publishedAt","updatedAt"
"1","4HKNdrBYS5k","Ù‡ÙŠÙ„ÙŠ Ù„Ø§Ù Ø¨Ø¯Ù„ Ø±Ø­Ù…Ù‡ ÙƒØ§Ù† Ø£ÙØ¶Ù„ Ø¨ÙƒØªÙŠØ±","Ù‡ÙŠÙ„ÙŠ Ù„Ø§Ù Ø¨Ø¯Ù„ Ø±Ø­Ù…Ù‡ ÙƒØ§Ù† Ø£ÙØ¶Ù„ Ø¨ÙƒØªÙŠØ±","Spires Haji","https://yt3.ggpht.com/ytc/AMLnZu9xYAXEQzVNyHa0FQXWvKXCvFRDeC4DySEbZA=s48-c-k-c0x00ffffff-no-rj","http://www.youtube.com/channel/UCH1GlR6Gj-zY8B9e02QVjOQ","UCH1GlR6Gj-zY8B9e02QVjOQ","TRUE","none","0","2022-10-18T21:29:55Z","2022-10-18T21:29:55Z"
"2","4HKNdrBYS5k","Ø§Ø­Ù…Ø¯ Ø§Ø³Ù…Ù‡ Ø­Ø³ÙˆÙ†ÙŠ Ø³Ø¨ÙˆØ±Øª Ø§Ùˆ Ø³ÙˆØ§Øª","Ø§Ø­Ù…Ø¯ Ø§Ø³Ù…Ù‡ Ø­Ø³ÙˆÙ†ÙŠ Ø³Ø¨ÙˆØ±Øª Ø§Ùˆ Ø³ÙˆØ§Øª","Ù…Ø­Ù…ÙˆØ¯","https://yt3.ggpht.com/ytc/AMLnZu-DfvSe-CS5NiCBqxW2hJF1uqSwhzxKzG2gbab4zEuknKJi8eykgasgIwQzpqJqUQ=s48-c-k-c0x00ffffff-no-rj","http://www.youtube.com/channel/UC13w8wD0f9k4brZJsPTmsBA","UC13w8wD0f9k4brZJsPTmsBA","TRUE","none","2","2022-10-18T21:26:46Z","2022-10-18T21:26:46Z"
"3","4HKNdrBYS5k","Ø§ØºÙ†ÙŠØ© Ù…Ø§ÙÙŠÙ‡Ø§ Ø´ÙŠ ÙŠÙ…Ø«Ù„Ù†Ø§ ÙƒØ¹Ø±Ø¨ ğŸ˜‚","Ø§ØºÙ†ÙŠØ© Ù…Ø§ÙÙŠÙ‡Ø§ Ø´ÙŠ ÙŠÙ…Ø«Ù„Ù†Ø§ ÙƒØ¹Ø±Ø¨ ğŸ˜‚","BG","https://yt3.ggpht.com/KdOGMrqVgvVP5rctk4hgm17_g0cu9zSyyv5g7XKDGLF04_Q1Va_2gFtQjBzJysQDbEF98pz7UA=s48-c-k-c0x00ffffff-no-rj","http://www.youtube.com/channel/UCIp_Ymi3tRM1PjJiMdhnu5w","UCIp_Ymi3tRM1PjJiMdhnu5w","TRUE","none","0","2022-10-18T21:26:10Z","2022-10-18T21:26:10Z"
"4","4HKNdrBYS5k","worst song i ever hear","worst song i ever hear","Fearless","https://yt3.ggpht.com/wz9ns0Y0TMRddDwzHpj9KKiaowz3tIGH8hj_f5kFkL3q2SZBxRNdH4fPZGIIgCBOp39Y9oyKADw=s48-c-k-c0x00ffffff-no-rj","http://www.youtube.com/channel/UCxucS6m6wyLUGDsei9_Jaxg","UCxucS6m6wyLUGDsei9_Jaxg","TRUE","none","0","2022-10-18T21:22:32Z","2022-10-18T21:22:32Z"
"5","4HKNdrBYS5k","Ø±Ø­Ù…Ø© ØªØ¬Ù†Ù† ğŸ’•ğŸ’•","Ø±Ø­Ù…Ø© ØªØ¬Ù†Ù† ğŸ’•ğŸ’•","Tv Uv","https://yt3.ggpht.com/ytc/AMLnZu-1A2IA9Jm5QzzyRFuDGFuByNQ1oYaqM0R0_w=s48-c-k-c0x00ffffff-no-rj","http://www.youtube.com/channel/UC7vxOw3ND5c0jGAUTk7W0Wg","UC7vxOw3ND5c0jGAUTk7W0Wg","TRUE","none","1","2022-10-18T21:20:30Z","2022-10-18T21:20:30Z"
"6","4HKNdrBYS5k","ØªØ¹Ù„ÙŠÙ‚Ø§Øª Ø§Ù„Ø§Ø¬Ø§Ù†Ø¨ ğŸ˜‚ ! Ù…Ù† ÙŠÙ…ÙŠ ØªÙØ´Ù„Øª Ø¹Ø²Ø§ ğŸ˜­","ØªØ¹Ù„ÙŠÙ‚Ø§Øª Ø§Ù„Ø§Ø¬Ø§Ù†Ø¨ ğŸ˜‚ ! Ù…Ù† ÙŠÙ…ÙŠ ØªÙØ´Ù„Øª Ø¹Ø²Ø§ ğŸ˜­","ğ“…ƒ à¢ªà£ªÛ¿Ù€Ù€ÙˆÙ°","https://yt3.ggpht.com/jBMt8HoSVh_-rNicsCQDryzDLWYBZtpYIrZ-8PUwxeLjjSOe0Vp3ZjVYYrUfmSI3eZW2RrYubA=s48-c-k-c0x00ffffff-no-rj","http://www.youtube.com/channel/UCrkAgd9JgVtfKIDKt2LFMlA","UCrkAgd9JgVtfKIDKt2LFMlA","TRUE","none","1","2022-10-18T21:20:15Z","2022-10-18T21:20:15Z"
"7","4HKNdrBYS5k","use me as a dislike button","use me as a dislike button","Osama Rizwan","https://yt3.ggpht.com/ytc/AMLnZu_EIOv4eILKHQpL-ro-eiGXIiXdUYg2yZU3-Qz2oSo=s48-c-k-c0x00ffffff-no-rj","http://www.youtube.com/channel/UCK8Er0AqAghpEqEeOwMKD0g","UCK8Er0AqAghpEqEeOwMKD0g","TRUE","none","0","2022-10-18T21:17:45Z","2022-10-18T21:17:45Z"
"8","4HKNdrBYS5k","Ø±Ø­Ù…Ù‡ Ø±ÙŠØ§Ø¶ Ø­Ù„Ùˆ ØµÙˆØªÙ‡Ù‡","Ø±Ø­Ù…Ù‡ Ø±ÙŠØ§Ø¶ Ø­Ù„Ùˆ ØµÙˆØªÙ‡Ù‡","ManarYM","https://yt3.ggpht.com/-oSfMQeQVs9dhZOzA3hfjz6JxsExlG-U1oMSHibelisN3DHxVrt1ZE8o4tMF3PgoDulFqhvFoS4=s48-c-k-c0x00ffffff-no-rj","http://www.youtube.com/channel/UC7NR22JaIXzhXifHFy47Qeg","UC7NR22JaIXzhXifHFy47Qeg","TRUE","none","0","2022-10-18T21:07:46Z","2022-10-18T21:07:46Z"
"9","4HKNdrBYS5k","ØªÙ‚Ù„Ø¯ Ø¨Ù„Ø§Ùƒ Ø¨ÙŠÙ†Ùƒ Ù‡Ù‡Ù‡Ù‡Ù‡Ù‡Ù‡Ù‡Ù‡Ù‡Ù‡Ù‡Ù‡Ù‡Ù‡Ù‡Ù‡Ù‡Ù‡Ù‡Ù‡Ù‡Ù‡Ù‡Ù‡Ù‡Ù‡Ù‡Ù‡Ù‡Ù‡Ù‡Ù‡Ù‡Ù‡Ù‡Ù‡Ù‡Ù‡Ù‡Ù‡Ù‡Ù‡Ù‡Ù‡Ù‡Ù‡Ù‡Ù‡","ØªÙ‚Ù„Ø¯ Ø¨Ù„Ø§Ùƒ Ø¨ÙŠÙ†Ùƒ Ù‡Ù‡Ù‡Ù‡Ù‡Ù‡Ù‡Ù‡Ù‡Ù‡Ù‡Ù‡Ù‡Ù‡Ù‡Ù‡Ù‡Ù‡Ù‡Ù‡Ù‡Ù‡Ù‡Ù‡Ù‡Ù‡Ù‡Ù‡Ù‡Ù‡Ù‡Ù‡Ù‡Ù‡Ù‡Ù‡Ù‡Ù‡Ù‡Ù‡Ù‡Ù‡Ù‡Ù‡Ù‡Ù‡Ù‡Ù‡Ù‡","Ø³Ù„Ø·Ø§Ù†","https://yt3.ggpht.com/ytc/AMLnZu_4eMPWVmCBtEnBKoIw_4MPTKZyY4fvr70CHA=s48-c-k-c0x00ffffff-no-rj","http://www.youtube.com/channel/UCv-ZwTHWhIhiGVCfQky2rzg","UCv-ZwTHWhIhiGVCfQky2rzg","TRUE","none","0","2022-10-18T21:07:17Z","2022-10-18T21:07:17Z"
"10","4HKNdrBYS5k","Old is gold ğŸ™‚ğŸ™‚ğŸ™‚ğŸ‘ğŸ‘ğŸ‘","Old is gold ğŸ™‚ğŸ™‚ğŸ™‚ğŸ‘ğŸ‘ğŸ‘","engineer asia96","https://yt3.ggpht.com/Dgo-ExyoSGRA_TFYgQallApP3RLlSWVhmfaZ5IaNfWY7v_Jy4q34uzn3wCuzeZ7jysXE-WohKvA=s48-c-k-c0x00ffffff-no-rj","http://www.youtube.com/channel/UCz4i176vIdE0kGPAZWLWgCQ","UCz4i176vIdE0kGPAZWLWgCQ","TRUE","none","0","2022-10-18T21:06:58Z","2022-10-18T21:06:58Z"
"11","4HKNdrBYS5k","Ù…Ø³ØªÙˆÙ‰ Ø§Ù„Ø§ØºÙ†ÙŠØ© Ù†ÙØ³ Ù…Ø³ØªÙˆÙ‰ Ø§Ù„Ù†Ø³Ø§Ø¡ Ø¨ÙƒØ±Ø© Ø§Ù„Ù‚Ø¯Ù…","Ù…Ø³ØªÙˆÙ‰ Ø§Ù„Ø§ØºÙ†ÙŠØ© Ù†ÙØ³ Ù…Ø³ØªÙˆÙ‰ Ø§Ù„Ù†Ø³Ø§Ø¡ Ø¨ÙƒØ±Ø© Ø§Ù„Ù‚Ø¯Ù…","EZIO US","https://yt3.ggpht.com/ytc/AMLnZu8f3mU4soBdkVrGSd1HRS6pLUyjGxjS_lH6Ipq1Kg=s48-c-k-c0x00ffffff-no-rj","http://www.youtube.com/channel/UC5jXN_RmKlDlb4pbkUiAl5w","UC5jXN_RmKlDlb4pbkUiAl5w","TRUE","none","0","2022-10-18T21:05:41Z","2022-10-18T21:05:41Z"
"12","4HKNdrBYS5k","Sakira bestâ¤ï¸ğŸ’›","Sakira bestâ¤ï¸ğŸ’›","Rouja Jahan","https://yt3.ggpht.com/ytc/AMLnZu-wHn9Eaw3C2Gz-pDDrKbJxS4dXLiHszYGxuQ0jmaVgjscLu22JdwUsAUc_UfeS=s48-c-k-c0x00ffffff-no-rj","http://www.youtube.com/channel/UCGcwEvbaY67mF6WGtQONiKA","UCGcwEvbaY67mF6WGtQONiKA","TRUE","none","0","2022-10-18T21:04:01Z","2022-10-18T21:04:01Z"
"13","4HKNdrBYS5k","The comment section is flooded with negatibe comments. I know Wavin Flag is masterpiece but you cannot always compare.","The comment section is flooded with negatibe comments. I know Wavin Flag is masterpiece but you cannot always compare.","Tanvir Rahman","https://yt3.ggpht.com/ytc/AMLnZu_UsNjLi7QXjLTf4Dh7tsnWiifeNK-cTRl1a4TELis=s48-c-k-c0x00ffffff-no-rj","http://www.youtube.com/channel/UCwXUG00zNx5S4kUOFKC0ZWA","UCwXUG00zNx5S4kUOFKC0ZWA","TRUE","none","0","2022-10-18T20:59:35Z","2022-10-18T20:59:35Z"
"14","4HKNdrBYS5k","Shakira&#39;s 2010 song was better than this","Shakira's 2010 song was better than this","Oussama El mobaraky","https://yt3.ggpht.com/ytc/AMLnZu_1MW2xOBxAckOJsuH3sPid-M-scTUVMgPH-WFwdw=s48-c-k-c0x00ffffff-no-rj","http://www.youtube.com/channel/UCRJ6ZVEiBkAFSkvxG6niZCQ","UCRJ6ZVEiBkAFSkvxG6niZCQ","TRUE","none","0","2022-10-18T20:56:52Z","2022-10-18T20:56:52Z"
"15","4HKNdrBYS5k","ğŸš®ğŸš®ğŸš®","ğŸš®ğŸš®ğŸš®","L3BISSE","https://yt3.ggpht.com/cgRGA_r2tg6CcbUH5QpxewTprOD3bFb6KsmPp4JaIfUaeOWJx8Crhra8yyUXESPSDGi6rfu2EA=s48-c-k-c0x00ffffff-no-rj","http://www.youtube.com/channel/UCxUEGSThLUFrnbSxIO7WF1g","UCxUEGSThLUFrnbSxIO7WF1g","TRUE","none","0","2022-10-18T20:53:41Z","2022-10-18T20:53:41Z"
"16","4HKNdrBYS5k","Fully awkward song","Fully awkward song","Shawon gaming","https://yt3.ggpht.com/ytc/AMLnZu948KBAbkVdjKe1vxSvZ7a7-U0XiltPvhL94hHA=s48-c-k-c0x00ffffff-no-rj","http://www.youtube.com/channel/UCko0_mkXPVNs3cHeE7dnc6w","UCko0_mkXPVNs3cHeE7dnc6w","TRUE","none","0","2022-10-18T20:50:31Z","2022-10-18T20:50:31Z"
"17","4HKNdrBYS5k","Ø­Ù„ÙˆÙ‡ Ø±Ø­ÙˆÙ…","Ø­Ù„ÙˆÙ‡ Ø±Ø­ÙˆÙ…","Ù‡Ø¯ÙŠÙ„ Ù…Ø­Ù…Ø¯","https://yt3.ggpht.com/ytc/AMLnZu9PutxqT8s4vCSGLFVDDgmH3_t9DhtKGlS_rxBp5P6znNXAwEN_1lUJFktc4lzacw=s48-c-k-c0x00ffffff-no-rj","http://www.youtube.com/channel/UC98Ftw6OtYtLmiYHZ31xuvg","UC98Ftw6OtYtLmiYHZ31xuvg","TRUE","none","0","2022-10-18T20:49:21Z","2022-10-18T20:49:21Z"
"18","4HKNdrBYS5k","Ø´Ùˆ Ø§Ù„ØªØ¹Ù„ÙŠÙ‚Ø§Øª ÙƒÙ„Ù‡Ù‡ Ø§Ù†ÙƒÙ„ÙŠØ²ÙŠ","Ø´Ùˆ Ø§Ù„ØªØ¹Ù„ÙŠÙ‚Ø§Øª ÙƒÙ„Ù‡Ù‡ Ø§Ù†ÙƒÙ„ÙŠØ²ÙŠ","Ù‡Ø¯ÙŠÙ„ Ù…Ø­Ù…Ø¯","https://yt3.ggpht.com/ytc/AMLnZu9PutxqT8s4vCSGLFVDDgmH3_t9DhtKGlS_rxBp5P6znNXAwEN_1lUJFktc4lzacw=s48-c-k-c0x00ffffff-no-rj","http://www.youtube.com/channel/UC98Ftw6OtYtLmiYHZ31xuvg","UC98Ftw6OtYtLmiYHZ31xuvg","TRUE","none","0","2022-10-18T20:49:10Z","2022-10-18T20:49:10Z"
"19","4HKNdrBYS5k","ğŸ·ğŸ—¿","ğŸ·ğŸ—¿","Wesley Fonseca Reis Silva","https://yt3.ggpht.com/UkCaHIfbcSZtPQ1xmjD1TrQKvNgcFyEiA4wjD6bnwd4pS5RC0chdZF9f7wAfhrUaq-R2LViZyQ=s48-c-k-c0x00ffffff-no-rj","http://www.youtube.com/channel/UCnen-bAtLxVwcGTwucSN_Dg","UCnen-bAtLxVwcGTwucSN_Dg","TRUE","none","0","2022-10-18T20:48:10Z","2022-10-18T20:48:10Z"
"20","4HKNdrBYS5k","Ù„Ù… ØªØ¹Ø¬Ø¨Ù†ÙŠ Ø§Ø·Ù„Ø§Ù‚Ø§ ! Ù„Ø§ ØªØ¹Ù†ÙŠ ÙƒØ±Ø© Ø§Ù„Ù‚Ø¯Ù… Ø¨Ø´ÙŠØ¡ Ù„ÙŠØ³ ÙƒÙ…Ø§ Ø§Ù„Ù…Ø¹ØªØ§Ø¯ ğŸ˜","Ù„Ù… ØªØ¹Ø¬Ø¨Ù†ÙŠ Ø§Ø·Ù„Ø§Ù‚Ø§ ! Ù„Ø§ ØªØ¹Ù†ÙŠ ÙƒØ±Ø© Ø§Ù„Ù‚Ø¯Ù… Ø¨Ø´ÙŠØ¡ Ù„ÙŠØ³ ÙƒÙ…Ø§ Ø§Ù„Ù…Ø¹ØªØ§Ø¯ ğŸ˜","Fery T","https://yt3.ggpht.com/ytc/AMLnZu-eekmlxbdHjkNUgzyDB0D05p9-pAtaT9x_IRvsgri8NTIF_TV0FdTod4GRKib_=s48-c-k-c0x00ffffff-no-rj","http://www.youtube.com/channel/UCaVVBEQF9Z_vmhIaaHi89WQ","UCaVVBEQF9Z_vmhIaaHi89WQ","TRUE","none","0","2022-10-18T20:42:21Z","2022-10-18T20:42:21Z"
"21","4HKNdrBYS5k","Where is football?????","Where is football?????","Jgff Dtgtt","https://yt3.ggpht.com/ytc/AMLnZu8ZFIm7zicvxC1B3EEBVttxiN4S8jlFNFNZYpNHcJjcWUzDKjpo3NNrNw49UqnR=s48-c-k-c0x00ffffff-no-rj","http://www.youtube.com/channel/UCKYg4YVXU6xu9_MF-cFEtAg","UCKYg4YVXU6xu9_MF-cFEtAg","TRUE","none","0","2022-10-18T20:40:22Z","2022-10-18T20:40:22Z"
"22","4HKNdrBYS5k","bored song for fifağŸ˜¢","bored song for fifağŸ˜¢","Muhammed Anshad mt","https://yt3.ggpht.com/ytc/AMLnZu-tpOe08msHfEuakqVzKF--BzDe5-ZcVkJYP_Z48w=s48-c-k-c0x00ffffff-no-rj","http://www.youtube.com/channel/UCkSlebA9ahuriSQqEzi2QrQ","UCkSlebA9ahuriSQqEzi2QrQ","TRUE","none","0","2022-10-18T20:37:28Z","2022-10-18T20:37:28Z"
"23","4HKNdrBYS5k","Ø¹Ù…Ù„ Ø³ÙŠØ¡ Ù„Ø§Ø¨Ø¹Ø¯ Ø­Ø¯Ø¯","Ø¹Ù…Ù„ Ø³ÙŠØ¡ Ù„Ø§Ø¨Ø¹Ø¯ Ø­Ø¯Ø¯","nawaf alqadhi","https://yt3.ggpht.com/ytc/AMLnZu9EWf6KUfXSht_P37g0veVxVOWFDOn5vc6uEQ=s48-c-k-c0x00ffffff-no-rj","http://www.youtube.com/channel/UC6aqIk2pKzG9htvyS9Jh3wQ","UC6aqIk2pKzG9htvyS9Jh3wQ","TRUE","none","0","2022-10-18T20:36:30Z","2022-10-18T20:36:30Z"
"24","4HKNdrBYS5k","Is my best song ğŸ’•","Is my best song ğŸ’•","Nina Tchan","https://yt3.ggpht.com/Ja4XzOtJDwUnMzuNbsVU5YEezxMleEVAL49b6W0RmPyywdq2lIwY4fWwBvTIOXu0JrnxGHFPhQ=s48-c-k-c0x00ffffff-no-rj","http://www.youtube.com/channel/UC4ux0kOJjsAXtUZ78Y138Pw","UC4ux0kOJjsAXtUZ78Y138Pw","TRUE","none","0","2022-10-18T20:36:18Z","2022-10-18T20:36:18Z"
"25","4HKNdrBYS5k","Dfaq is this :)","Dfaq is this :)","Tamanna Gusain","https://yt3.ggpht.com/6Y0Pqp88ls5c2-NmQKbtiXfy8awwAxjkaZ-GVhCyuz-vnxA0HPM0wUuy0Mz2JHcbLJ_fOzV-=s48-c-k-c0x00ffffff-no-rj","http://www.youtube.com/channel/UC8Db56Sb-a6fBQ2DQMRAO2w","UC8Db56Sb-a6fBQ2DQMRAO2w","TRUE","none","1","2022-10-18T20:29:17Z","2022-10-18T20:29:17Z"
"26","4HKNdrBYS5k","Ø§Ù†ØªÙ… Ù…Ø§ØªØ³ØªØ­ÙˆÙ† Ø³Ø§Ø±Ù‚ÙŠÙ† Ø§Ù„Ø­Ø§Ù† Ø§ØºÙ†ÙŠØ© Ø´Ø§ÙƒÙŠØ±Ø§","Ø§Ù†ØªÙ… Ù…Ø§ØªØ³ØªØ­ÙˆÙ† Ø³Ø§Ø±Ù‚ÙŠÙ† Ø§Ù„Ø­Ø§Ù† Ø§ØºÙ†ÙŠØ© Ø´Ø§ÙƒÙŠØ±Ø§","Ø§Ù…Ø¨Ø±Ø§Ø·ÙˆØ±ÙŠØ© M-PUBG","https://yt3.ggpht.com/ytc/AMLnZu-wWIQfT4m0JCqYzYxHK8b4N_tN0muY9WpK6iJ2dg=s48-c-k-c0x00ffffff-no-rj","http://www.youtube.com/channel/UC-YMksxhBBzOLLy3F9i7TCg","UC-YMksxhBBzOLLy3F9i7TCg","TRUE","none","0","2022-10-18T20:24:29Z","2022-10-18T20:24:29Z"
"27","4HKNdrBYS5k","0% football  only glamour","0% football  only glamour","lucas","https://yt3.ggpht.com/ytc/AMLnZu9AWB6OUWqJiHGavtlFI9vw7kQNsaGyHBGP19r01uWW15jZ8m3p_zpFSS1-eOXN=s48-c-k-c0x00ffffff-no-rj","http://www.youtube.com/channel/UC_DldZYNlu0eoC2-7-3t3Dg","UC_DldZYNlu0eoC2-7-3t3Dg","TRUE","none","0","2022-10-18T20:17:46Z","2022-10-18T20:17:46Z"
"28","4HKNdrBYS5k","Not nora fatehi :)","Not nora fatehi :)","Christinbrett2","https://yt3.ggpht.com/ytc/AMLnZu-jPgpadlzIbcCS9UlCMu3lW0LfRt1Mx2dn5d0rVw=s48-c-k-c0x00ffffff-no-rj","http://www.youtube.com/channel/UCSal9rHjP27ZMq_-ayXcsMw","UCSal9rHjP27ZMq_-ayXcsMw","TRUE","none","0","2022-10-18T20:17:38Z","2022-10-18T20:17:38Z"
"29","4HKNdrBYS5k","Sharika songs is the best.","Sharika songs is the best.","Md Shohid","https://yt3.ggpht.com/ytc/AMLnZu_G0rxinuGiPPNQLGBoV2iJavreFHy77-xBYrSp3LmyDdsfDbT_XNgMluzEcyL9=s48-c-k-c0x00ffffff-no-rj","http://www.youtube.com/channel/UClNZiBcbzeZn_Qk2homfIYA","UClNZiBcbzeZn_Qk2homfIYA","TRUE","none","0","2022-10-18T20:14:25Z","2022-10-18T20:14:25Z"
"30","4HKNdrBYS5k","What in the dogshit is this?<br>A commercial to some fashion show in Paris?","What in the dogshit is this?
A commercial to some fashion show in Paris?","Prince Rahaman","https://yt3.ggpht.com/ytc/AMLnZu921e_a4CREAyRMgGfWSeurPnfmLzXIU4phh3tC4A=s48-c-k-c0x00ffffff-no-rj","http://www.youtube.com/channel/UCnoQ72wsa0eQGGWI7TczT6g","UCnoQ72wsa0eQGGWI7TczT6g","TRUE","none","0","2022-10-18T20:13:56Z","2022-10-18T20:13:56Z"
"31","4HKNdrBYS5k","Ø´ÙƒØ¯ Ø­Ù„Ùˆ ÙŠØ§Ø¨Ù‡ ÙŠØ§Ø¨Ù‡ Ø¨Ù†Øµ Ø§Ù„Ø§ØºÙ†ÙŠØ©","Ø´ÙƒØ¯ Ø­Ù„Ùˆ ÙŠØ§Ø¨Ù‡ ÙŠØ§Ø¨Ù‡ Ø¨Ù†Øµ Ø§Ù„Ø§ØºÙ†ÙŠØ©","Ù„ÙˆÙ„ÙŠ","https://yt3.ggpht.com/XxjCaqDe4r2n6KbVwRfV0ywmFKHQ3sR4EykmCDABpmCSQYa_sSVnJmEmt3j4-ng8NW_31__ooEg=s48-c-k-c0x00ffffff-no-rj","http://www.youtube.com/channel/UCrl79ggZUu8iahlmmsl6lZw","UCrl79ggZUu8iahlmmsl6lZw","TRUE","none","0","2022-10-18T20:12:34Z","2022-10-18T20:12:34Z"
"32","4HKNdrBYS5k","Itâ€™s not even football ğŸ˜­ğŸ˜­ğŸ˜­ğŸ˜­","Itâ€™s not even football ğŸ˜­ğŸ˜­ğŸ˜­ğŸ˜­","Narendra mudi","https://yt3.ggpht.com/5sBO-FbudjQeNtM0p8e-ZT1qkokri9mmm_GIqEjU9Y2W6MuyStI6FAiDFhlFTvzWSSWmA2PeYA=s48-c-k-c0x00ffffff-no-rj","http://www.youtube.com/channel/UCNRr6BEYuuRYMlHkWNVDNaw","UCNRr6BEYuuRYMlHkWNVDNaw","TRUE","none","0","2022-10-18T20:12:25Z","2022-10-18T20:12:25Z"
"33","4HKNdrBYS5k","Miss sarika","Miss sarika","Md Shohid","https://yt3.ggpht.com/ytc/AMLnZu_G0rxinuGiPPNQLGBoV2iJavreFHy77-xBYrSp3LmyDdsfDbT_XNgMluzEcyL9=s48-c-k-c0x00ffffff-no-rj","http://www.youtube.com/channel/UClNZiBcbzeZn_Qk2homfIYA","UClNZiBcbzeZn_Qk2homfIYA","TRUE","none","0","2022-10-18T20:08:11Z","2022-10-18T20:08:11Z"
"34","4HKNdrBYS5k","The best one â¤ï¸â¤ï¸â¤ï¸","The best one â¤ï¸â¤ï¸â¤ï¸","Fatma Djalout","https://yt3.ggpht.com/ytc/AMLnZu8gsuDzGKejT5Vef7UPH3lVXC-bNEDoTKdXaVBoOMtBriKEQxjEJiryjzHSXsvh=s48-c-k-c0x00ffffff-no-rj","http://www.youtube.com/channel/UCeg-xnNEQajhRU28GvU9Y5A","UCeg-xnNEQajhRU28GvU9Y5A","TRUE","none","0","2022-10-18T20:05:16Z","2022-10-18T20:05:16Z"
"35","4HKNdrBYS5k","Are you serious fifa<br>This song is containing hot girls and bad lyrics where are the emotions, lyrics football","Are you serious fifa
This song is containing hot girls and bad lyrics where are the emotions, lyrics football","VISHAL KUMAR SHARMA","https://yt3.ggpht.com/ytc/AMLnZu_MlvnKMMXeeyUhlftONU_Z83004ZiykE1ZJgifKdy87B9gWQ8gb2fSLdvfyf-M=s48-c-k-c0x00ffffff-no-rj","http://www.youtube.com/channel/UCkhU6nIHJEIV62vTa9I38lQ","UCkhU6nIHJEIV62vTa9I38lQ","TRUE","none","0","2022-10-18T19:59:14Z","2022-10-18T19:59:14Z"
"36","4HKNdrBYS5k","à¦¬à¦¾à¦¹à¥¤ à¦¹à¦¾à¦‰à§Ÿà¦¾ à¦¹à¦¾à¦‰à§Ÿà¦¾ à¦—à¦¾à¦¨ğŸ¸","à¦¬à¦¾à¦¹à¥¤ à¦¹à¦¾à¦‰à§Ÿà¦¾ à¦¹à¦¾à¦‰à§Ÿà¦¾ à¦—à¦¾à¦¨ğŸ¸","gaming with shihab","https://yt3.ggpht.com/ytc/AMLnZu9Soq6QJV87KyMEvVzoXkrkGT8MJ4bfvlRkeg=s48-c-k-c0x00ffffff-no-rj","http://www.youtube.com/channel/UC-iHh8IqaSGevDMfy-IJkVw","UC-iHh8IqaSGevDMfy-IJkVw","TRUE","none","1","2022-10-18T19:56:39Z","2022-10-18T19:56:39Z"
"37","4HKNdrBYS5k","Ø§Ù„Ø§ØºÙ†ÙŠÙ‡ Ø±ÙˆÙˆÙˆØ¹Ù‡ Ù„ÙŠØ´ ÙƒÙ„ Ù‡Ø§Ù„Ø§Ù†ØªÙ‚Ø§Ø¯ ğŸ˜ğŸ˜ğŸ˜ğŸ˜","Ø§Ù„Ø§ØºÙ†ÙŠÙ‡ Ø±ÙˆÙˆÙˆØ¹Ù‡ Ù„ÙŠØ´ ÙƒÙ„ Ù‡Ø§Ù„Ø§Ù†ØªÙ‚Ø§Ø¯ ğŸ˜ğŸ˜ğŸ˜ğŸ˜","Ø³Ø§Ø±Ù‡ ÙƒØ±ÙŠÙ…","https://yt3.ggpht.com/ytc/AMLnZu9X1erbzNLLnKY2-YeqbXjdRoJBgTcz2ZFO2ODrHhy9FaOZZj5giT88ucXYpn407g=s48-c-k-c0x00ffffff-no-rj","http://www.youtube.com/channel/UCkHeBxO4qnSefkfCRxR207Q","UCkHeBxO4qnSefkfCRxR207Q","TRUE","none","1","2022-10-18T19:54:44Z","2022-10-18T19:54:44Z"
"38","4HKNdrBYS5k","Ø§Ù„Ø§ØºÙ†ÙŠØ© Ø³Ù…Ø¹ØªÙ‡Ø§ ÙƒØªÙŠØ± ÙˆØ­Ù„ÙˆØ© Ø¬Ø¯Ø§ Ùˆ Ù…Ø®ØªØ§Ø±ÙŠÙ† Ø¨Ù†Ø§Øª Ø§ØµÙˆØ§Øª ÙˆÙ„Ø§ Ø§Ø±ÙˆØ¹ ØŒ Ø§Ù„Ù„ÙŠ Ø¨ÙŠÙ†ØªÙ‚Ø¯ Ù…Ù† Ø§Ù„Ø§Ø¬Ø§Ù†Ø¨ Ø¹Ø´Ø§Ù† Ø§Ù„clip Ù†ÙØ³Ù‡ ÙƒØ§Ù† Ù…Ø­ØªØ§Ø¬ Ù…ÙŠÙƒÙˆÙ†Ø´ Ø²ÙŠ Ø§Ù„ÙƒÙ„ÙŠØ¨Ø§Øª Ø¨ØªØ§Ø¹Øª Ø§ÙŠ hip hop song ,  Ø§Ù„ÙƒÙ„ÙŠØ¨ ÙØ¹Ù„Ø§ ÙƒØ§Ù† Ù…Ù…ÙƒÙ† ÙŠÙƒÙˆÙ† Ù…Ø¹Ø¨Ø± Ø§ÙƒØªØ± ØŒ Ù„ÙƒÙ† Ø§Ù„Ù…ØºÙ†ÙŠØ§Øª ÙˆØ§Ù„Ø§ØºÙ†ÙŠØ© ÙˆØ§Ù„Ù…ÙˆØ³ÙŠÙ‚Ù‰ ÙˆÙ„Ø§ Ø§Ø­Ù„Ù‰ Ù…Ù…ÙƒÙ† ÙŠØ·Ù„Ø¹ Ù…Ù† ÙƒØ¯Ù‡","Ø§Ù„Ø§ØºÙ†ÙŠØ© Ø³Ù…Ø¹ØªÙ‡Ø§ ÙƒØªÙŠØ± ÙˆØ­Ù„ÙˆØ© Ø¬Ø¯Ø§ Ùˆ Ù…Ø®ØªØ§Ø±ÙŠÙ† Ø¨Ù†Ø§Øª Ø§ØµÙˆØ§Øª ÙˆÙ„Ø§ Ø§Ø±ÙˆØ¹ ØŒ Ø§Ù„Ù„ÙŠ Ø¨ÙŠÙ†ØªÙ‚Ø¯ Ù…Ù† Ø§Ù„Ø§Ø¬Ø§Ù†Ø¨ Ø¹Ø´Ø§Ù† Ø§Ù„clip Ù†ÙØ³Ù‡ ÙƒØ§Ù† Ù…Ø­ØªØ§Ø¬ Ù…ÙŠÙƒÙˆÙ†Ø´ Ø²ÙŠ Ø§Ù„ÙƒÙ„ÙŠØ¨Ø§Øª Ø¨ØªØ§Ø¹Øª Ø§ÙŠ hip hop song ,  Ø§Ù„ÙƒÙ„ÙŠØ¨ ÙØ¹Ù„Ø§ ÙƒØ§Ù† Ù…Ù…ÙƒÙ† ÙŠÙƒÙˆÙ† Ù…Ø¹Ø¨Ø± Ø§ÙƒØªØ± ØŒ Ù„ÙƒÙ† Ø§Ù„Ù…ØºÙ†ÙŠØ§Øª ÙˆØ§Ù„Ø§ØºÙ†ÙŠØ© ÙˆØ§Ù„Ù…ÙˆØ³ÙŠÙ‚Ù‰ ÙˆÙ„Ø§ Ø§Ø­Ù„Ù‰ Ù…Ù…ÙƒÙ† ÙŠØ·Ù„Ø¹ Ù…Ù† ÙƒØ¯Ù‡","Dina Hassan","https://yt3.ggpht.com/ytc/AMLnZu9gqMMEynM0MMmwj8M8O_M6sRBtebpxvLXTzQ=s48-c-k-c0x00ffffff-no-rj","http://www.youtube.com/channel/UCmtKJIPsNWJrnFDfVB5uE1Q","UCmtKJIPsNWJrnFDfVB5uE1Q","TRUE","none","0","2022-10-18T19:51:47Z","2022-10-18T19:51:47Z"
"39","4HKNdrBYS5k","worst world cup song ever made","worst world cup song ever made","S","https://yt3.ggpht.com/ytc/AMLnZu_hsZ1XlUXHzXsGNHJw0np79WhWZcC4j8eFdy-tiUCDBKAjJyJOzE5kXFRiqL2S=s48-c-k-c0x00ffffff-no-rj","http://www.youtube.com/channel/UC8M2f2jnWLqy7WuYQhxIM5Q","UC8M2f2jnWLqy7WuYQhxIM5Q","TRUE","none","0","2022-10-18T19:44:56Z","2022-10-18T19:44:56Z"
"40","4HKNdrBYS5k","Is this a joke? Isn&#39;t it supposed to be about football?","Is this a joke? Isn't it supposed to be about football?","Sahib Preet Singh","https://yt3.ggpht.com/Fid3mBKtVYnq2Hb8zlmCjyc4oZ2z1DLz9G9KiSB56BcSOmMZGPECwKEecd_AOVk6PpmzwzITSQ=s48-c-k-c0x00ffffff-no-rj","http://www.youtube.com/channel/UCMDqR03NnK2VStD9PHvMUGQ","UCMDqR03NnK2VStD9PHvMUGQ","TRUE","none","1","2022-10-18T19:40:27Z","2022-10-18T19:45:35Z"
"41","4HKNdrBYS5k","Ø§Ù„Ø§ØºÙ†ÙŠÙ‡ Ø¬Ù…ÙŠÙ„Ù‡ Ø¬Ø¯Ø§ Ù…Ø§ Ø·Ù„Ø¹Øª Ù…Ù† Ø±Ø§Ø³ÙŠ ğŸ˜ğŸ˜ğŸ˜ğŸ˜ğŸ˜","Ø§Ù„Ø§ØºÙ†ÙŠÙ‡ Ø¬Ù…ÙŠÙ„Ù‡ Ø¬Ø¯Ø§ Ù…Ø§ Ø·Ù„Ø¹Øª Ù…Ù† Ø±Ø§Ø³ÙŠ ğŸ˜ğŸ˜ğŸ˜ğŸ˜ğŸ˜","Ø­Ø³Ù† Ù…Ø±ÙˆØ¹ÙŠ Ø­Ø¬Ø±ÙŠÙ†ÙŠ","https://yt3.ggpht.com/ytc/AMLnZu8oMAHqhm2OVmySn3OE0rLTKyh87zW8VSQ7h9QwRgbM6doF8zpkY7enHCZw7QR3_A=s48-c-k-c0x00ffffff-no-rj","http://www.youtube.com/channel/UC7CSCp9hA0MZ2peHseMjvaQ","UC7CSCp9hA0MZ2peHseMjvaQ","TRUE","none","2","2022-10-18T19:40:25Z","2022-10-18T19:40:25Z"
"42","4HKNdrBYS5k","I dont know why they put hindi in world cup song ? Sounds cheap!ğŸ˜ª","I dont know why they put hindi in world cup song ? Sounds cheap!ğŸ˜ª","Omar BD","https://yt3.ggpht.com/myyLsSx-zVSQ_UnBaGNK59m7QIvd5qrnOCy0rPqd1wtf9sqCVz7UqJgg_PS4He678Aj3eZvhhQ=s48-c-k-c0x00ffffff-no-rj","http://www.youtube.com/channel/UCB85MLj_AdS66Q0qWS_1GLw","UCB85MLj_AdS66Q0qWS_1GLw","TRUE","none","0","2022-10-18T19:37:59Z","2022-10-18T19:37:59Z"
"43","4HKNdrBYS5k","Okay let me say it again : wavin flag&gt; we are one=waka waka &gt;&gt;&gt; the rest","Okay let me say it again : wavin flag> we are one=waka waka >>> the rest","Jerrin Paul","https://yt3.ggpht.com/hyEvDtdhK4qu7xRRTNh8CLi-18HP3BKz2trc1Rh8hat4bGT6cU9h0lQ-CbNMmLQpoiail5husQ=s48-c-k-c0x00ffffff-no-rj","http://www.youtube.com/channel/UCET1Giiu8Ae_IDe53TPWnWQ","UCET1Giiu8Ae_IDe53TPWnWQ","TRUE","none","0","2022-10-18T19:32:24Z","2022-10-18T19:32:24Z"
"44","4HKNdrBYS5k","hate h bhai hate","hate h bhai hate","Arvind Sharma","https://yt3.ggpht.com/ytc/AMLnZu8YstLA8T0P_2EJp25snJiEh9GDSnTKUd1V7Q=s48-c-k-c0x00ffffff-no-rj","http://www.youtube.com/channel/UCxY7HUmcXXRgsvaIz9ypOEQ","UCxY7HUmcXXRgsvaIz9ypOEQ","TRUE","none","0","2022-10-18T19:32:07Z","2022-10-18T19:32:07Z"
"45","4HKNdrBYS5k","Bruh what is thisğŸ˜","Bruh what is thisğŸ˜","Jerrin Paul","https://yt3.ggpht.com/hyEvDtdhK4qu7xRRTNh8CLi-18HP3BKz2trc1Rh8hat4bGT6cU9h0lQ-CbNMmLQpoiail5husQ=s48-c-k-c0x00ffffff-no-rj","http://www.youtube.com/channel/UCET1Giiu8Ae_IDe53TPWnWQ","UCET1Giiu8Ae_IDe53TPWnWQ","TRUE","none","0","2022-10-18T19:30:42Z","2022-10-18T19:30:42Z"
"46","4HKNdrBYS5k","Hayya and Arhbo are much better","Hayya and Arhbo are much better","Jal Man","https://yt3.ggpht.com/ytc/AMLnZu90RvXRkAYg5Bio25rbmELvbZOcXQ56-o9ubg=s48-c-k-c0x00ffffff-no-rj","http://www.youtube.com/channel/UCBQ5Ux0KXp2YA-7lI0L_4hA","UCBQ5Ux0KXp2YA-7lI0L_4hA","TRUE","none","0","2022-10-18T19:29:17Z","2022-10-18T19:29:17Z"
"47","4HKNdrBYS5k","Very badly missing emotion of footballğŸ˜ª","Very badly missing emotion of footballğŸ˜ª","oXm","https://yt3.ggpht.com/NM7oDhagl17d5oYGhwr-PLKX5jsGqVtSD4u1roRoanDbw4wlN0nZxvdUOWOOpRJQVjzg0Sud=s48-c-k-c0x00ffffff-no-rj","http://www.youtube.com/channel/UCU4WL3OgPzPG4pJYca1Nk4w","UCU4WL3OgPzPG4pJYca1Nk4w","TRUE","none","0","2022-10-18T19:22:06Z","2022-10-18T19:22:20Z"
"48","4HKNdrBYS5k","Love you Balqees but yâ€™all didnâ€™t understand the assignment.","Love you Balqees but yâ€™all didnâ€™t understand the assignment.","Esra","https://yt3.ggpht.com/ytc/AMLnZu9hO28qaQE7JcaBo6OWxz99DNAHKDip3VFTp0oP=s48-c-k-c0x00ffffff-no-rj","http://www.youtube.com/channel/UC4iBvo9gqpi90fB5KbEu7KA","UC4iBvo9gqpi90fB5KbEu7KA","TRUE","none","0","2022-10-18T19:22:05Z","2022-10-18T19:22:05Z"
"49","4HKNdrBYS5k","Where is the football FIFA????!!!","Where is the football FIFA????!!!","Mennat Limda","https://yt3.ggpht.com/ytc/AMLnZu_NTy_7RGVM7UpaXihIb1qko7rSE0lr7KA_qTp-TVgo2RcwPwX_uTWd3vdfCHeL=s48-c-k-c0x00ffffff-no-rj","http://www.youtube.com/channel/UC9L7_iee6mj6KgQLVUWC7-Q","UC9L7_iee6mj6KgQLVUWC7-Q","TRUE","none","0","2022-10-18T19:16:58Z","2022-10-18T19:16:58Z"
"50","4HKNdrBYS5k","What was that????????<br>Where was football???","What was that????????
Where was football???","oaishe khan","https://yt3.ggpht.com/ytc/AMLnZu_5cVmMQ2-DO-XPSdsjnaVlE-R-sI4NKDARW2ju=s48-c-k-c0x00ffffff-no-rj","http://www.youtube.com/channel/UCXYLMDHSiwNsLyr83im0g0w","UCXYLMDHSiwNsLyr83im0g0w","TRUE","none","0","2022-10-18T19:15:27Z","2022-10-18T19:15:27Z"
"51","4HKNdrBYS5k","Ø¨Ø±Ø§ÙÙˆ â¤ï¸â¤ï¸â¤ï¸â¤ï¸ğŸ‘ŒğŸ‘ğŸ‘ğŸ‘ğŸ‘ğŸ‘ğŸ”¥","Ø¨Ø±Ø§ÙÙˆ â¤ï¸â¤ï¸â¤ï¸â¤ï¸ğŸ‘ŒğŸ‘ğŸ‘ğŸ‘ğŸ‘ğŸ‘ğŸ”¥","Qa Do","https://yt3.ggpht.com/ytc/AMLnZu9MUFavE7Uye6GioAKuX0p5orY7_RG6mYNrVA=s48-c-k-c0x00ffffff-no-rj","http://www.youtube.com/channel/UCuwtO1a10EgYmrJhXfc0OXA","UCuwtO1a10EgYmrJhXfc0OXA","TRUE","none","1","2022-10-18T19:13:54Z","2022-10-18T19:13:54Z"
"52","4HKNdrBYS5k","Ye toh tatti hai!","Ye toh tatti hai!","Rajdeep Chatterjee","https://yt3.ggpht.com/ytc/AMLnZu_Z924sNFh7-Hs6g30-a6l_z3n-pAJNqb1pF4Lbkw8=s48-c-k-c0x00ffffff-no-rj","http://www.youtube.com/channel/UCQePRtHvLffIow2Q_ln_PiQ","UCQePRtHvLffIow2Q_ln_PiQ","TRUE","none","0","2022-10-18T19:11:59Z","2022-10-18T19:11:59Z"
"53","4HKNdrBYS5k","Ù†ÙˆØ±Ø§ ÙØªØ­ÙŠ Ø­Ø¶ÙˆØ±Ù‡Ø§ Ù‚ÙˆÙŠ Ø¬Ø¯Ø§ ÙˆÙƒØ§Ø±ÙŠØ²Ù…Ø§","Ù†ÙˆØ±Ø§ ÙØªØ­ÙŠ Ø­Ø¶ÙˆØ±Ù‡Ø§ Ù‚ÙˆÙŠ Ø¬Ø¯Ø§ ÙˆÙƒØ§Ø±ÙŠØ²Ù…Ø§","Salmeen Salm","https://yt3.ggpht.com/ytc/AMLnZu9PxHaHySK30Bzj3NaRXObsyij2iKHjmKQkj8_5PNE4vhMNOOh0kRNz-jVV3v9G=s48-c-k-c0x00ffffff-no-rj","http://www.youtube.com/channel/UCGURmVdq_676JdLR5EcY5aw","UCGURmVdq_676JdLR5EcY5aw","TRUE","none","0","2022-10-18T19:09:52Z","2022-10-18T19:09:52Z"
"54","4HKNdrBYS5k","Trash","Trash","Mr Ã‘oga","https://yt3.ggpht.com/JxArYDRsBzhQ6LNhX1HIb4qktgjyzAab-CPtTGoPUhFWlnKspT0zcj0HiDxZ4QR69-lM2akdGh4=s48-c-k-c0x00ffffff-no-rj","http://www.youtube.com/channel/UCA72jAlVi4tZriDPC6e-Qeg","UCA72jAlVi4tZriDPC6e-Qeg","TRUE","none","1","2022-10-18T19:04:59Z","2022-10-18T19:04:59Z"
"55","4HKNdrBYS5k","Delete this song from existence","Delete this song from existence","DarkRaichu","https://yt3.ggpht.com/dxT50alSZLYWmBvtBD9Rg-lLTqm3T-N0idmMbiosee5DMalc115eQGdJlrsXellWnMDyt-9znA=s48-c-k-c0x00ffffff-no-rj","http://www.youtube.com/channel/UCNxdIY2JoqdXryFlkx1AYng","UCNxdIY2JoqdXryFlkx1AYng","TRUE","none","0","2022-10-18T19:04:49Z","2022-10-18T19:04:49Z"
"56","4HKNdrBYS5k","Ø§ØºÙ†ÙŠØ© Ù„Ø§ Ø¹Ù„Ø§Ù‚Ø© Ø¨Ù„ ÙƒØ±Ø© Ø§Ù„Ù‚Ø¯Ù… Ù…Ø§ Ù‡Ø°Ø§ ØºØ¨Ø§Ø¡ Ùˆ Ù†ÙˆØ± Ù‚Ø§Ø¹Ø¯Ø© ØªÙƒØ±Ø± ÙÙŠ Ø±Ù‚Øµ Ùˆ ØµÙˆØªÙ‡Ø§ Ù…Ø²Ø¹Ø¬ Ø¨Ù„Ù‚ÙŠØ³ Ùˆ Ù„ÙŠ Ù…Ø¹Ø§Ù‡Ø§ Ø®Ù„ÙŠØ¬ÙŠØ© Ù„Ø¨Ø³ ÙƒØ§Ø±ÙŠØ«ÙŠ ØµÙˆØª ÙƒØ§Ø±ÙŠØ«Ø© Ø§ØºÙ†ÙŠØ© Ù„Ø§Ø¹Ù„Ø§Ù‚Ø© Ù…Ø§Ù‡Ø°Ø§ Ù…Ø¨ÙŠÙ† Ø§Ù„Ù…Ø®Ø±Ø¬ Ù†Ø§Ù… Ø§Ù„ÙƒÙ„ÙŠØ¨ Ø¹Ù„Ù‰ Ø§Ù„Ø¹ØµØ± ğŸ˜‚ğŸ‘ğŸ‘ğŸ‘ğŸ‘ğŸ‘ğŸ‘ğŸ‘","Ø§ØºÙ†ÙŠØ© Ù„Ø§ Ø¹Ù„Ø§Ù‚Ø© Ø¨Ù„ ÙƒØ±Ø© Ø§Ù„Ù‚Ø¯Ù… Ù…Ø§ Ù‡Ø°Ø§ ØºØ¨Ø§Ø¡ Ùˆ Ù†ÙˆØ± Ù‚Ø§Ø¹Ø¯Ø© ØªÙƒØ±Ø± ÙÙŠ Ø±Ù‚Øµ Ùˆ ØµÙˆØªÙ‡Ø§ Ù…Ø²Ø¹Ø¬ Ø¨Ù„Ù‚ÙŠØ³ Ùˆ Ù„ÙŠ Ù…Ø¹Ø§Ù‡Ø§ Ø®Ù„ÙŠØ¬ÙŠØ© Ù„Ø¨Ø³ ÙƒØ§Ø±ÙŠØ«ÙŠ ØµÙˆØª ÙƒØ§Ø±ÙŠØ«Ø© Ø§ØºÙ†ÙŠØ© Ù„Ø§Ø¹Ù„Ø§Ù‚Ø© Ù…Ø§Ù‡Ø°Ø§ Ù…Ø¨ÙŠÙ† Ø§Ù„Ù…Ø®Ø±Ø¬ Ù†Ø§Ù… Ø§Ù„ÙƒÙ„ÙŠØ¨ Ø¹Ù„Ù‰ Ø§Ù„Ø¹ØµØ± ğŸ˜‚ğŸ‘ğŸ‘ğŸ‘ğŸ‘ğŸ‘ğŸ‘ğŸ‘","Randa ziane","https://yt3.ggpht.com/ytc/AMLnZu-5BLzfIJTtn9yregwu9zojINeChfamh6YI66HF=s48-c-k-c0x00ffffff-no-rj","http://www.youtube.com/channel/UCyBsytKfSPDb45-kkAdMYMQ","UCyBsytKfSPDb45-kkAdMYMQ","TRUE","none","1","2022-10-18T19:04:29Z","2022-10-18T19:04:29Z"
"57","4HKNdrBYS5k","Honestly.. Manal is the best one here! Her voice suits the song very well","Honestly.. Manal is the best one here! Her voice suits the song very well","Varmy","https://yt3.ggpht.com/ytc/AMLnZu_Es8-sfU5likrEgXrV5o3UrI0Xw1ZofPCARWbPLw=s48-c-k-c0x00ffffff-no-rj","http://www.youtube.com/channel/UCI8n6JcmchF0wZ0KyTcDo-w","UCI8n6JcmchF0wZ0KyTcDo-w","TRUE","none","3","2022-10-18T19:02:35Z","2022-10-18T19:02:35Z"
"58","4HKNdrBYS5k","&quot;Come and hang with me, wanna spend some time... I can teach you things&quot; ğŸ˜ğŸ˜ i wish i can unhear this song  ğŸ‘ğŸ»red one failed us this time","""Come and hang with me, wanna spend some time... I can teach you things"" ğŸ˜ğŸ˜ i wish i can unhear this song  ğŸ‘ğŸ»red one failed us this time","Manal Medah","https://yt3.ggpht.com/ytc/AMLnZu9zjOH8r3TxM_fVQJ_1pRgzC-aWkTpXmSvvAg=s48-c-k-c0x00ffffff-no-rj","http://www.youtube.com/channel/UCJnJwq1pCyBL2PGjI1Lv-Wg","UCJnJwq1pCyBL2PGjI1Lv-Wg","TRUE","none","0","2022-10-18T19:00:59Z","2022-10-18T19:01:55Z"
"59","4HKNdrBYS5k","Ø§Ù„Ø£ØµÙˆØ§Øª Ø¬Ù…ÙŠÙ„Ø©  ÙˆØ§Ù„Ø£ØºÙ†ÙŠØ© Ø¬ÙŠØ¯Ø© Ù„ÙƒÙ† Ø§Ù„ÙƒÙ„ÙŠØ¨ Ù…Ø³Ù„ÙˆØ¨ Ø§Ù„Ù‡ÙˆÙŠØ© ÙˆÙ„Ø§ Ø¹Ù„Ø§Ù‚Ø© Ù„Ù‡ Ø¨Ø§Ù„Ø«Ù‚Ø§ÙØ©<br>Ø§Ù„Ø¹Ø±Ø¨ÙŠØ© ÙˆÙ„Ø§ Ø¨ÙƒØ£Ø³ Ø§Ù„Ø¹Ø§Ù„Ù…","Ø§Ù„Ø£ØµÙˆØ§Øª Ø¬Ù…ÙŠÙ„Ø©  ÙˆØ§Ù„Ø£ØºÙ†ÙŠØ© Ø¬ÙŠØ¯Ø© Ù„ÙƒÙ† Ø§Ù„ÙƒÙ„ÙŠØ¨ Ù…Ø³Ù„ÙˆØ¨ Ø§Ù„Ù‡ÙˆÙŠØ© ÙˆÙ„Ø§ Ø¹Ù„Ø§Ù‚Ø© Ù„Ù‡ Ø¨Ø§Ù„Ø«Ù‚Ø§ÙØ©
Ø§Ù„Ø¹Ø±Ø¨ÙŠØ© ÙˆÙ„Ø§ Ø¨ÙƒØ£Ø³ Ø§Ù„Ø¹Ø§Ù„Ù…","Ø³Ø¬Ù‰ ÙØ±Ø­Ø§Ù†","https://yt3.ggpht.com/ytc/AMLnZu9v2aY_FGejnEJRZOxze_Pd0uLY-u7pP8MJ__EfHFxvsuGt49oP3PAdZbxys2NJHQ=s48-c-k-c0x00ffffff-no-rj","http://www.youtube.com/channel/UCqO0JQXfMTvgQy1UfDE6YgQ","UCqO0JQXfMTvgQy1UfDE6YgQ","TRUE","none","0","2022-10-18T19:00:24Z","2022-10-18T19:00:24Z"
"60","4HKNdrBYS5k","Nora just spoiled this song <a href=""https://www.youtube.com/watch?v=4HKNdrBYS5k&amp;t=3m12s"">3:12</a>","Nora just spoiled this song 3:12","Rajdeep Modi","https://yt3.ggpht.com/td4K1pfOg-CHxl6t8U1UxDEoo7yOXKLWGbd841-lAoVoxLqzq_M4X1pE2EMPPdKJdw4qoROn8A=s48-c-k-c0x00ffffff-no-rj","http://www.youtube.com/channel/UCW7Wvmsem70QxfilTbNsYew","UCW7Wvmsem70QxfilTbNsYew","TRUE","none","1","2022-10-18T18:57:55Z","2022-10-18T18:57:55Z"
"61","4HKNdrBYS5k","I think shakira Is best Singer she&#39;s is very Talented Girl shakira  2022 world cup song never beautiful song<br>Qatar world cup shakira song and dance Shakira would have been better What did Nora Fatehi need?Come see  Hindi comes in the middle of the song","I think shakira Is best Singer she's is very Talented Girl shakira  2022 world cup song never beautiful song
Qatar world cup shakira song and dance Shakira would have been better What did Nora Fatehi need?Come see  Hindi comes in the middle of the song","prince Ahmed shrey","https://yt3.ggpht.com/H-AElHMZ0qtxOidDeARj3PuyxR__8vjoISWoO41SL3_uWjJO0GpLXF4mwb3_UTLqt-da3VR5PQ=s48-c-k-c0x00ffffff-no-rj","http://www.youtube.com/channel/UC4r9upcCZpyUF11XXu8d-xw","UC4r9upcCZpyUF11XXu8d-xw","TRUE","none","0","2022-10-18T18:56:52Z","2022-10-18T18:57:43Z"
"62","4HKNdrBYS5k","Ù„ÙŠØ´ Ù…ØºÙ†ÙŠØª Ø¨Ø§Ù„Ø¹Ø±Ø¨ÙŠ Ø§Ø­Ù†Ø§ Ø¹Ø±Ø¨","Ù„ÙŠØ´ Ù…ØºÙ†ÙŠØª Ø¨Ø§Ù„Ø¹Ø±Ø¨ÙŠ Ø§Ø­Ù†Ø§ Ø¹Ø±Ø¨","Fatima Wajid","https://yt3.ggpht.com/ytc/AMLnZu_L8FBMsHgw-Q5mzPmHGBiY31urixs3fdrWknq_dtDHElbNjR9nOTOxm9L5QFZG=s48-c-k-c0x00ffffff-no-rj","http://www.youtube.com/channel/UCU_rapZKgtF-MkhXpDlTUvg","UCU_rapZKgtF-MkhXpDlTUvg","TRUE","none","0","2022-10-18T18:50:33Z","2022-10-18T18:50:33Z"
"63","4HKNdrBYS5k","Idk why I don&#39;t vibe with this track. It&#39;s shakira who can make us vibe. ğŸ¥²âœŒ","Idk why I don't vibe with this track. It's shakira who can make us vibe. ğŸ¥²âœŒ","Shahira Irfan","https://yt3.ggpht.com/ytc/AMLnZu91b0PQTdm0OfJJ0-efs1eITx9hUPQL7kDP_pH1KhQ=s48-c-k-c0x00ffffff-no-rj","http://www.youtube.com/channel/UCIwkBtsp2DTQQklYT0Mw9gA","UCIwkBtsp2DTQQklYT0Mw9gA","TRUE","none","0","2022-10-18T18:50:21Z","2022-10-18T18:50:21Z"
"64","4HKNdrBYS5k","disgusting hilarious","disgusting hilarious","Tarak Ahmad tonmoy","https://yt3.ggpht.com/ytc/AMLnZu-PqCRlTA4oO7SGH3Q7u8hDTsVZWcw20YYZN-E-zg=s48-c-k-c0x00ffffff-no-rj","http://www.youtube.com/channel/UCYwPDgRtN58JdSRvltUDdiA","UCYwPDgRtN58JdSRvltUDdiA","TRUE","none","0","2022-10-18T18:49:27Z","2022-10-18T18:49:27Z"
"65","4HKNdrBYS5k","Morroco ğŸ‡²ğŸ‡¦ğŸ‡²ğŸ‡¦ğŸ‡²ğŸ‡¦ğŸ‡²ğŸ‡¦ğŸ‡²ğŸ‡¦â¤â¤â¤â¤","Morroco ğŸ‡²ğŸ‡¦ğŸ‡²ğŸ‡¦ğŸ‡²ğŸ‡¦ğŸ‡²ğŸ‡¦ğŸ‡²ğŸ‡¦â¤â¤â¤â¤","Judy Ab","https://yt3.ggpht.com/ytc/AMLnZu-054c4t0jxrxc507hkDdJsImhINgwSa6S2hO0HrGOsQYs6zAT6reNqvO2gmQrn=s48-c-k-c0x00ffffff-no-rj","http://www.youtube.com/channel/UCkOqi3el9Y_Na7yoO1HtY1A","UCkOqi3el9Y_Na7yoO1HtY1A","TRUE","none","0","2022-10-18T18:43:28Z","2022-10-18T18:43:28Z"
"66","4HKNdrBYS5k","This is so dumb?!","This is so dumb?!","Asiyah Ali","https://yt3.ggpht.com/yCFQhkWVdiOADW7v6CDog1AfUml2wY0VVGeQPuDdI2WozLy-lB-2DiITT6eGa4BbLYFYLuRbBA=s48-c-k-c0x00ffffff-no-rj","http://www.youtube.com/channel/UClJwcknUaBoDwCVgOmoZxBA","UClJwcknUaBoDwCVgOmoZxBA","TRUE","none","0","2022-10-18T18:39:56Z","2022-10-18T18:39:56Z"
"67","4HKNdrBYS5k","The 2 GOAT Cristiano and Messi This is their last World Cup (FIFA World Cup 2022)ğŸ˜¢ğŸ’”","The 2 GOAT Cristiano and Messi This is their last World Cup (FIFA World Cup 2022)ğŸ˜¢ğŸ’”","Feras","https://yt3.ggpht.com/NsXeu-QUjh8EJtwWeJpnHihd7MGiMWaz9QzFeucwh3T0_jkwLaiv8_ZdFLwzaVuow2ci3fyQhw=s48-c-k-c0x00ffffff-no-rj","http://www.youtube.com/channel/UCLOyrIHSfOn943j8jID_EAg","UCLOyrIHSfOn943j8jID_EAg","TRUE","none","0","2022-10-18T18:39:10Z","2022-10-18T18:39:10Z"
"68","4HKNdrBYS5k","When you have money but don&#39;t have creativity","When you have money but don't have creativity","Belal Tec","https://yt3.ggpht.com/ytc/AMLnZu8TdKdhgxvHpZGvghfbAgbf6CDdXuvOthTTzQ=s48-c-k-c0x00ffffff-no-rj","http://www.youtube.com/channel/UCv8gnUqbiUlDMaAjyuj4KYA","UCv8gnUqbiUlDMaAjyuj4KYA","TRUE","none","1","2022-10-18T18:36:52Z","2022-10-18T18:36:52Z"
"69","4HKNdrBYS5k","ğŸ‡²ğŸ‡¦ğŸ‡²ğŸ‡¦ğŸ‡²ğŸ‡¦ğŸ‡²ğŸ‡¦ğŸ‡²ğŸ‡¦ğŸ‡¶ğŸ‡¦ğŸ‡¶ğŸ‡¦ğŸ‡¶ğŸ‡¦ğŸ‡¶ğŸ‡¦ğŸ‡¶ğŸ‡¦ğŸ‡¶ğŸ‡¦","ğŸ‡²ğŸ‡¦ğŸ‡²ğŸ‡¦ğŸ‡²ğŸ‡¦ğŸ‡²ğŸ‡¦ğŸ‡²ğŸ‡¦ğŸ‡¶ğŸ‡¦ğŸ‡¶ğŸ‡¦ğŸ‡¶ğŸ‡¦ğŸ‡¶ğŸ‡¦ğŸ‡¶ğŸ‡¦ğŸ‡¶ğŸ‡¦","P4Ho SANCHIo","https://yt3.ggpht.com/ytc/AMLnZu-DXzIrCENllQWqoTDVWM1Jx-4-Hu3Yhxck8Ydx=s48-c-k-c0x00ffffff-no-rj","http://www.youtube.com/channel/UCAXRzS3I6nwGFqnhr9u99mw","UCAXRzS3I6nwGFqnhr9u99mw","TRUE","none","0","2022-10-18T18:36:46Z","2022-10-18T18:36:46Z"
"70","4HKNdrBYS5k","ğŸ‡²ğŸ‡¦ğŸ‡²ğŸ‡¦ğŸ‡²ğŸ‡¦ğŸ‡²ğŸ‡¦ğŸ‡²ğŸ‡¦ğŸ‡²ğŸ‡¦ğŸ‡²ğŸ‡¦ğŸ‡²ğŸ‡¦ğŸ‡²ğŸ‡¦ğŸ‡²ğŸ‡¦","ğŸ‡²ğŸ‡¦ğŸ‡²ğŸ‡¦ğŸ‡²ğŸ‡¦ğŸ‡²ğŸ‡¦ğŸ‡²ğŸ‡¦ğŸ‡²ğŸ‡¦ğŸ‡²ğŸ‡¦ğŸ‡²ğŸ‡¦ğŸ‡²ğŸ‡¦ğŸ‡²ğŸ‡¦","P4Ho SANCHIo","https://yt3.ggpht.com/ytc/AMLnZu-DXzIrCENllQWqoTDVWM1Jx-4-Hu3Yhxck8Ydx=s48-c-k-c0x00ffffff-no-rj","http://www.youtube.com/channel/UCAXRzS3I6nwGFqnhr9u99mw","UCAXRzS3I6nwGFqnhr9u99mw","TRUE","none","0","2022-10-18T18:36:31Z","2022-10-18T18:36:31Z"
"71","4HKNdrBYS5k","Ø§Ø­Ø³ Ø§Ù„Ø§Ø±Ø¬Ù†ØªÙŠÙ† Ø¨ØªÙÙˆØ² Ø¨ÙƒØ£Ø³ Ø§Ù„Ø¹Ø§Ù„Ù…","Ø§Ø­Ø³ Ø§Ù„Ø§Ø±Ø¬Ù†ØªÙŠÙ† Ø¨ØªÙÙˆØ² Ø¨ÙƒØ£Ø³ Ø§Ù„Ø¹Ø§Ù„Ù…","Feras","https://yt3.ggpht.com/NsXeu-QUjh8EJtwWeJpnHihd7MGiMWaz9QzFeucwh3T0_jkwLaiv8_ZdFLwzaVuow2ci3fyQhw=s48-c-k-c0x00ffffff-no-rj","http://www.youtube.com/channel/UCLOyrIHSfOn943j8jID_EAg","UCLOyrIHSfOn943j8jID_EAg","TRUE","none","1","2022-10-18T18:35:04Z","2022-10-18T18:35:04Z"
"72","4HKNdrBYS5k","Ø§Ù„Ø´ÙŠØ¡ Ø§Ù„ÙˆØ­ÙŠØ¯ Ø§Ù„ÙŠ  ÙŠÙ…Ø«Ù„ Ø§Ù„Ø«Ù‚Ø§ÙØ© Ø§Ù„Ø¹Ø±Ø¨ÙŠØ© Ù…Ù† Ù‡Ø§ÙŠ Ø§Ù„Ø£ØºÙ†ÙŠØ© Ø¨Ø³ Ø§Ø³Ù…Ø§Ø¡ Ø§Ù„ÙÙ†Ø§Ù†Ø§Øª  Ø§Ù…Ø§ Ø§Ù„Ø¨Ø§Ù‚ÙŠ ÙƒÙ„Ù‡ ØºØ±Ø¨ÙŠ ğŸ™‚ğŸ’”","Ø§Ù„Ø´ÙŠØ¡ Ø§Ù„ÙˆØ­ÙŠØ¯ Ø§Ù„ÙŠ  ÙŠÙ…Ø«Ù„ Ø§Ù„Ø«Ù‚Ø§ÙØ© Ø§Ù„Ø¹Ø±Ø¨ÙŠØ© Ù…Ù† Ù‡Ø§ÙŠ Ø§Ù„Ø£ØºÙ†ÙŠØ© Ø¨Ø³ Ø§Ø³Ù…Ø§Ø¡ Ø§Ù„ÙÙ†Ø§Ù†Ø§Øª  Ø§Ù…Ø§ Ø§Ù„Ø¨Ø§Ù‚ÙŠ ÙƒÙ„Ù‡ ØºØ±Ø¨ÙŠ ğŸ™‚ğŸ’”","Ø­Ø³ÙˆÙ†ÙŠ Ø­Ø³ÙˆÙ†ÙŠ","https://yt3.ggpht.com/ytc/AMLnZu9ldRfERXuE63HXv_R57omoCYLWUgL2sDd1M6g1JgbM0jwWGUGc7YI_jQaXxgooww=s48-c-k-c0x00ffffff-no-rj","http://www.youtube.com/channel/UCGLTYjozNCGARnuHFd9gYtw","UCGLTYjozNCGARnuHFd9gYtw","TRUE","none","1","2022-10-18T18:33:20Z","2022-10-18T18:34:07Z"
"73","4HKNdrBYS5k","I really didn&#39;t like it.","I really didn't like it.","Sara Mekadim","https://yt3.ggpht.com/ytc/AMLnZu_fxMOf0sZvwIgQ7gxRGNg-dsnfF6KgDozprxvh5DCJBZeZXqblJeYzFoQ8myTX=s48-c-k-c0x00ffffff-no-rj","http://www.youtube.com/channel/UCu5JvFPfGFe1KrR2fDQ-hZg","UCu5JvFPfGFe1KrR2fDQ-hZg","TRUE","none","0","2022-10-18T18:33:07Z","2022-10-18T18:33:07Z"
"74","4HKNdrBYS5k","Ø§ØºÙ†ÙŠØ© ÙØ§Ø´Ù„Ø©","Ø§ØºÙ†ÙŠØ© ÙØ§Ø´Ù„Ø©","Strange Information","https://yt3.ggpht.com/ytc/AMLnZu9H3f346eeh6dbeq7dsOcGNhqBkczrIW5ynGb0-=s48-c-k-c0x00ffffff-no-rj","http://www.youtube.com/channel/UCXgILsZwIBUbNfwvbNeGSYQ","UCXgILsZwIBUbNfwvbNeGSYQ","TRUE","none","1","2022-10-18T18:32:30Z","2022-10-18T18:32:30Z"
"75","4HKNdrBYS5k","Mind it, &quot;Old is Gold&quot;<br>And old song is gold song âœ¨ğŸ’–","Mind it, ""Old is Gold""
And old song is gold song âœ¨ğŸ’–","Itâ€™s Mawa blog","https://yt3.ggpht.com/pW7sHFTfp5kTde2UNGilVdGhwFQ8wJI_SJZ0EC7-3YSFpsBXSi0tRzV0K25SwIKqmDtvvmGzRQ=s48-c-k-c0x00ffffff-no-rj","http://www.youtube.com/channel/UCx8vAG-npaj-arX4xfrSjhg","UCx8vAG-npaj-arX4xfrSjhg","TRUE","none","1","2022-10-18T18:30:11Z","2022-10-18T18:30:11Z"
"76","4HKNdrBYS5k","So many song release <br>We expect Argentina or Brazil as champion but some other country wins the cupğŸ˜‚","So many song release 
We expect Argentina or Brazil as champion but some other country wins the cupğŸ˜‚","Jim Rahman","https://yt3.ggpht.com/q_LTOf1c8DWUHh8iOGwlGNHq4xrEuzDtbLBsjirUHTA92ytpLO1RlKR-lt3-9D2l1g7VkbHrNg=s48-c-k-c0x00ffffff-no-rj","http://www.youtube.com/channel/UC7kEdUkr53bali0y4dRLhrw","UC7kEdUkr53bali0y4dRLhrw","TRUE","none","1","2022-10-18T18:28:55Z","2022-10-18T18:28:55Z"
"77","4HKNdrBYS5k","Sakira we want your song â¤","Sakira we want your song â¤","vishvarajsinh zala","https://yt3.ggpht.com/ytc/AMLnZu9wo9kZLfkATa20Lcp5zz7UKoZOVGyRZPExB6gG4Xo=s48-c-k-c0x00ffffff-no-rj","http://www.youtube.com/channel/UCCTkfGMQsfZFlsdtTpgBuaA","UCCTkfGMQsfZFlsdtTpgBuaA","TRUE","none","0","2022-10-18T18:28:45Z","2022-10-18T18:28:45Z"
"78","4HKNdrBYS5k","That&#39;s why old is Gold ğŸ¥‡","That's why old is Gold ğŸ¥‡","bangtan ot7","https://yt3.ggpht.com/ytc/AMLnZu9GfH2zSi5PRpMtu8LDq5GGNhaDl2trQvIqs6kuVSFSPE7zEjKm2YDxOHIBWH9E=s48-c-k-c0x00ffffff-no-rj","http://www.youtube.com/channel/UCpkzj10lshQRdeo2RqldfnA","UCpkzj10lshQRdeo2RqldfnA","TRUE","none","6","2022-10-18T18:28:06Z","2022-10-18T18:28:06Z"
"79","4HKNdrBYS5k","Football is a emotions not a hot topic ğŸ˜•","Football is a emotions not a hot topic ğŸ˜•","Ado Rasel","https://yt3.ggpht.com/ytc/AMLnZu_aP7AKhX2GAK-DFPWSsuLhEAGLgOHiAqoZ=s48-c-k-c0x00ffffff-no-rj","http://www.youtube.com/channel/UC66vzEOkUC0B_etaKbSPPvw","UC66vzEOkUC0B_etaKbSPPvw","TRUE","none","0","2022-10-18T18:27:57Z","2022-10-18T18:27:57Z"
"80","4HKNdrBYS5k","This song is just not for women â¤ï¸ still we&#39;re listening that,&quot;waka waka&quot;and itâ€™s a special to people â¤ï¸ we donâ€™t wanna this hot girls. Just a meaningful song is the right key of masterpiece âœ¨","This song is just not for women â¤ï¸ still we're listening that,""waka waka""and itâ€™s a special to people â¤ï¸ we donâ€™t wanna this hot girls. Just a meaningful song is the right key of masterpiece âœ¨","Itâ€™s Mawa blog","https://yt3.ggpht.com/pW7sHFTfp5kTde2UNGilVdGhwFQ8wJI_SJZ0EC7-3YSFpsBXSi0tRzV0K25SwIKqmDtvvmGzRQ=s48-c-k-c0x00ffffff-no-rj","http://www.youtube.com/channel/UCx8vAG-npaj-arX4xfrSjhg","UCx8vAG-npaj-arX4xfrSjhg","TRUE","none","1","2022-10-18T18:27:09Z","2022-10-18T18:27:09Z"
"81","4HKNdrBYS5k","I love comments on this! Waka waka and waving flags on another level.. bad choice to be official song for the world cup.. and Ø£ÙŠÙ† Ø§Ù„Ø·Ø§Ø¨Ø¹ Ø§Ù„Ø¹Ø±Ø¨ÙŠ Ø£Ù†Ø§ Ù„Ø§ Ø§Ø±Ø§Ù‡ ğŸ˜‚","I love comments on this! Waka waka and waving flags on another level.. bad choice to be official song for the world cup.. and Ø£ÙŠÙ† Ø§Ù„Ø·Ø§Ø¨Ø¹ Ø§Ù„Ø¹Ø±Ø¨ÙŠ Ø£Ù†Ø§ Ù„Ø§ Ø§Ø±Ø§Ù‡ ğŸ˜‚","Bal8ees B.H","https://yt3.ggpht.com/ytc/AMLnZu91g0TCOjtYiFgD5UTJ10HszZAJzSkdcOuGc_mLHA=s48-c-k-c0x00ffffff-no-rj","http://www.youtube.com/channel/UC6Nz7KU2ejR3O3kOXfmojKA","UC6Nz7KU2ejR3O3kOXfmojKA","TRUE","none","0","2022-10-18T18:24:22Z","2022-10-18T18:24:22Z"
"82","4HKNdrBYS5k","Ø§Ø³ÙˆØ£ Ø§ØºÙ†ÙŠØ© Ø§ØªØ¹Ù…Ù„Øª Ù„ÙƒØ£Ø³ Ø§Ù„Ø¹Ø§Ù„Ù… Ø¨Ù„Ø§ Ù…Ù†Ø§Ø²Ø¹","Ø§Ø³ÙˆØ£ Ø§ØºÙ†ÙŠØ© Ø§ØªØ¹Ù…Ù„Øª Ù„ÙƒØ£Ø³ Ø§Ù„Ø¹Ø§Ù„Ù… Ø¨Ù„Ø§ Ù…Ù†Ø§Ø²Ø¹","Nesma Gaber","https://yt3.ggpht.com/9a7z87iggm-JWhAC6bDiqKMSCqsAXPaScyaV76MCDAx6Sh2QhAQ6yGzU7WlBrGrbFQGA650qqw=s48-c-k-c0x00ffffff-no-rj","http://www.youtube.com/channel/UC-Z0W3A2h1FVSFrz_B36OUw","UC-Z0W3A2h1FVSFrz_B36OUw","TRUE","none","0","2022-10-18T18:22:07Z","2022-10-18T18:22:07Z"
"83","4HKNdrBYS5k","Indian&#39;s â¤ğŸ’¥","Indian's â¤ğŸ’¥","syed ÃaÅ¡Ã«Ã«Ã±","https://yt3.ggpht.com/ytc/AMLnZu8Dm-QPuh8P2e1HZ2W7xc33JFA3H1xY7kREOUuKKw=s48-c-k-c0x00ffffff-no-rj","http://www.youtube.com/channel/UCJ0ALr4UlJTLBQpYW9KzkZA","UCJ0ALr4UlJTLBQpYW9KzkZA","TRUE","none","0","2022-10-18T18:20:02Z","2022-10-18T18:20:02Z"
"84","4HKNdrBYS5k","Ø­Ø±ÙÙŠØ§ Ø§ØºÙ†ÙŠØ© Ø­Ù„ÙˆÙ‡ ÙˆÙ†Ø§Ø¬Ø­Ù‡","Ø­Ø±ÙÙŠØ§ Ø§ØºÙ†ÙŠØ© Ø­Ù„ÙˆÙ‡ ÙˆÙ†Ø§Ø¬Ø­Ù‡","Noor Noor","https://yt3.ggpht.com/ytc/AMLnZu_g5nG2uDfJxRHTInlV74LxO4P4GWNbz6gnp3oy=s48-c-k-c0x00ffffff-no-rj","http://www.youtube.com/channel/UCl05ifkYCet2w6Wqr5sXIaw","UCl05ifkYCet2w6Wqr5sXIaw","TRUE","none","2","2022-10-18T18:16:59Z","2022-10-18T18:16:59Z"
"85","4HKNdrBYS5k","Is this a football songğŸ˜‚ no hype in this ğŸ˜¢","Is this a football songğŸ˜‚ no hype in this ğŸ˜¢","NoisyBoyLK","https://yt3.ggpht.com/ytc/AMLnZu9tooBnORn8vpK6CYq6elxqTyAnj4BO4yDZ7lTblw=s48-c-k-c0x00ffffff-no-rj","http://www.youtube.com/channel/UCyT9Ym5Cc_ueEX3oE_MYv4A","UCyT9Ym5Cc_ueEX3oE_MYv4A","TRUE","none","0","2022-10-18T18:14:31Z","2022-10-18T18:14:31Z"
"86","4HKNdrBYS5k","Ø®Ø²ÙŠØªÙˆ Ø¨Ù†Ø§ <br>Ø§ØºÙ†ÙŠØ© Ù…Ù…Ù„Ø©","Ø®Ø²ÙŠØªÙˆ Ø¨Ù†Ø§ 
Ø§ØºÙ†ÙŠØ© Ù…Ù…Ù„Ø©","Ø§Ù†ÙˆØ± Ø¹Ø¨Ø¯Ø§Ù„Ø­ÙƒÙŠÙ…","https://yt3.ggpht.com/ytc/AMLnZu9M6EEoHJGE9iIOEykllB5m9xGqTDHsDcCCEg=s48-c-k-c0x00ffffff-no-rj","http://www.youtube.com/channel/UCTaG1KC01aGMGvTybm2-OxA","UCTaG1KC01aGMGvTybm2-OxA","TRUE","none","1","2022-10-18T18:12:44Z","2022-10-18T18:12:44Z"
"87","4HKNdrBYS5k","I believe in wakka wakka and wavin supremacy","I believe in wakka wakka and wavin supremacy","3rd Degree YT","https://yt3.ggpht.com/ytc/AMLnZu_TQ4RAEtc8WBR7XzojJ3Qk8xySAm6KosYrWjxNFw=s48-c-k-c0x00ffffff-no-rj","http://www.youtube.com/channel/UCtXZmnzwwCwttLUqvC6JzSg","UCtXZmnzwwCwttLUqvC6JzSg","TRUE","none","1","2022-10-18T18:12:42Z","2022-10-18T18:12:42Z"
"88","4HKNdrBYS5k","Ø²ÙŠ Ø§Ù„Ø®Ø±Ø§","Ø²ÙŠ Ø§Ù„Ø®Ø±Ø§","Ù‡Ù†ØªØ± m16","https://yt3.ggpht.com/ytc/AMLnZu-3zOgQgTyr-qBuEVF-9zx_YR0eHwaR3gSPL9Uzqg=s48-c-k-c0x00ffffff-no-rj","http://www.youtube.com/channel/UC0cyRRglkcfbqRM3MYZsrLg","UC0cyRRglkcfbqRM3MYZsrLg","TRUE","none","0","2022-10-18T18:11:00Z","2022-10-18T18:11:00Z"
"89","4HKNdrBYS5k","Womenâ˜•â˜•","Womenâ˜•â˜•","BISMA ANSARI","https://yt3.ggpht.com/ytc/AMLnZu_Gg28PYNGGOT8NR-fm-wg9O1AAd51pwOTsvWPkGQTFA05hO6_RpqWzVsS736_k=s48-c-k-c0x00ffffff-no-rj","http://www.youtube.com/channel/UCEzP4T43ai1eF5aQcFnmb8w","UCEzP4T43ai1eF5aQcFnmb8w","TRUE","none","0","2022-10-18T18:10:29Z","2022-10-18T18:10:29Z"
"90","4HKNdrBYS5k","Wow fantasticks son.... Leo mesi..,..â™¥","Wow fantasticks son.... Leo mesi..,..â™¥","MD Nazmul Islam","https://yt3.ggpht.com/ytc/AMLnZu_2CTg0S37QSSi2KA-SZ1qPxNNaRWK-Db52qJCmNBXNhAXEMoo_6E8RHByIxclA=s48-c-k-c0x00ffffff-no-rj","http://www.youtube.com/channel/UCjpwRDryP2Hf7wZAHhB8xCw","UCjpwRDryP2Hf7wZAHhB8xCw","TRUE","none","0","2022-10-18T18:10:03Z","2022-10-18T18:10:03Z"
"91","4HKNdrBYS5k","Very disappointed:/","Very disappointed:/","woomed yesh","https://yt3.ggpht.com/ytc/AMLnZu_ZyFBEy6HTilEKKLcc9TvZxDmbdofwboTAxnOR2Q=s48-c-k-c0x00ffffff-no-rj","http://www.youtube.com/channel/UCO3l2jxP55kiZF67caEuvwg","UCO3l2jxP55kiZF67caEuvwg","TRUE","none","0","2022-10-18T18:01:48Z","2022-10-18T18:01:48Z"
"92","4HKNdrBYS5k","More dislikes than likes <br>Lol Fifa","More dislikes than likes 
Lol Fifa","Muhammad Ferdaus","https://yt3.ggpht.com/ytc/AMLnZu-CKZBIaqFfW92OIGg1TewmIKClktDDr8HuG9eqHfM5s6I6evq1OqiXErUwCFVX=s48-c-k-c0x00ffffff-no-rj","http://www.youtube.com/channel/UCijQhSJGIEHjVw4HGUKxN2g","UCijQhSJGIEHjVw4HGUKxN2g","TRUE","none","0","2022-10-18T17:57:38Z","2022-10-18T17:57:38Z"
"93","4HKNdrBYS5k","Item song","Item song","Mortuja Alom","https://yt3.ggpht.com/ytc/AMLnZu8YRgapd0PZeB6-8iFNBv2TIXORlSDZo1KoSF_SzQ=s48-c-k-c0x00ffffff-no-rj","http://www.youtube.com/channel/UCH0LMBInd_h7oFllxhzvoAw","UCH0LMBInd_h7oFllxhzvoAw","TRUE","none","0","2022-10-18T17:55:38Z","2022-10-18T17:55:38Z"
"94","4HKNdrBYS5k","One of the worst fifa world cup song ğŸ˜­","One of the worst fifa world cup song ğŸ˜­","Nikhil Verma","https://yt3.ggpht.com/ytc/AMLnZu_fe_cBzJuwXaH7oGRTgcVqMo93KW_KODRwGZIfmQ=s48-c-k-c0x00ffffff-no-rj","http://www.youtube.com/channel/UC0G-hDt80Rxa2ZO6G-1Qotg","UC0G-hDt80Rxa2ZO6G-1Qotg","TRUE","none","0","2022-10-18T17:52:06Z","2022-10-18T17:52:06Z"
"95","4HKNdrBYS5k","Totally dislike this song ğŸ’”ğŸ’”ğŸ’”","Totally dislike this song ğŸ’”ğŸ’”ğŸ’”","ff tamjid","https://yt3.ggpht.com/ytc/AMLnZu9-xN39mauWQE5eMMoMD803Nk9jApmlK4wRy6A2qg=s48-c-k-c0x00ffffff-no-rj","http://www.youtube.com/channel/UC_1dpx1p5cztR_zYp0mFCPg","UC_1dpx1p5cztR_zYp0mFCPg","TRUE","none","0","2022-10-18T17:50:54Z","2022-10-18T17:50:54Z"
"96","4HKNdrBYS5k","Nora spoil the whole songğŸ˜¤ğŸ˜©ğŸ˜‘","Nora spoil the whole songğŸ˜¤ğŸ˜©ğŸ˜‘","Kartik Chaudhari","https://yt3.ggpht.com/ytc/AMLnZu_gZKeSVjnAV_TGVikwVGV71jCsG9Bm21hu9A=s48-c-k-c0x00ffffff-no-rj","http://www.youtube.com/channel/UCBuuVj4jcMfX9TCPrkAxBxQ","UCBuuVj4jcMfX9TCPrkAxBxQ","TRUE","none","0","2022-10-18T17:43:56Z","2022-10-18T17:43:56Z"
"97","4HKNdrBYS5k","I blame K-pop culture","I blame K-pop culture","Jeffrey Rayan","https://yt3.ggpht.com/ytc/AMLnZu-AjSd_3ko4VzXYGNo3CMWdtNzXFYleAcz5yh7cPA=s48-c-k-c0x00ffffff-no-rj","http://www.youtube.com/channel/UCEGxWNb69icYHBd9-w8ZSkQ","UCEGxWNb69icYHBd9-w8ZSkQ","TRUE","none","0","2022-10-18T17:39:39Z","2022-10-18T17:39:39Z"
"98","4HKNdrBYS5k","Anyone interested about the number of dislikes this video gotğŸ˜…","Anyone interested about the number of dislikes this video gotğŸ˜…","RAYAS","https://yt3.ggpht.com/7t145Lgk7MG-pZV4_xQmqfZkz6o5ChR6W6mH9bA6gTqM2lM5rhBtdpXzaht5ly98Cm2RCVdu=s48-c-k-c0x00ffffff-no-rj","http://www.youtube.com/channel/UCFoSNgih70My05rjgnMmRjw","UCFoSNgih70My05rjgnMmRjw","TRUE","none","2","2022-10-18T17:38:33Z","2022-10-18T17:38:33Z"
"99","4HKNdrBYS5k","What a garbage!<br>Old FIFA songs were amazing. Those songs gave us true FIFA world Cup vibe","What a garbage!
Old FIFA songs were amazing. Those songs gave us true FIFA world Cup vibe","Last man Standing","https://yt3.ggpht.com/ytc/AMLnZu-Rtp3QshCiqqGb6Ggk9FEWOWQHxGxGclOR6BQhAg=s48-c-k-c0x00ffffff-no-rj","http://www.youtube.com/channel/UC75T6EqMAmLOO1sb54UUCNw","UC75T6EqMAmLOO1sb54UUCNw","TRUE","none","0","2022-10-18T17:38:15Z","2022-10-18T17:38:15Z"
